product_id,img
Finca Resalso 2022,Emilio Moro - Finca Resalso 2023 1
Finca Resalso Box 3,Emilio Moro - Finca Resalso Box3
Emilio Moro 2021,Emilio Moro - Emilio Moro 2021 1
Emilio Moro Magnum,Emilio Moro - Emilio Moro Magnum 2021
Emilio Moro Box 3,Emilio Moro - Emilio Moro Box3
Emilio Moro  Vendimia Seleccionada,Emilio Moro - Vendimia Seleccionada 2021
Malleolus  2021,Emilio Moro - Malleolus 2021 1
La Felisa 2021,Emilio Moro - La Felisa 2022
Malleolus Valderramiro  2020,Emilio Moro - Malleolus de Valderramiro 2020 1
Malleolus Sanchomartín  2020,Emilio Moro - Malleolus de Sanchomartin 2020
Clon de La Familia 2016,Emilio Moro - Clon de la Familia 2018 1
El Polvorete 2022/2023,Emilio Moro - Polvorete 2023
El zarzal 2021/2022,Emilio Moro - El Zarzal 2021
La Revelia 2021,Emilio Moro - La Revelia 2019
Malleolus Veritas Box,Emilio Moro - Malleolus Veritas Box 1
Artadi Viñas de Gain Blanco 2019,Artadi - Vinas de Gain Blanco 2019 1
Artadi Viñas de Gain Tinto 2020/21/22,Artadi - Vinas de Gain Tinto 2021 1
Artadi Viñas de Gain Tinto 2020/21/23 Magnum,Artadi - Vinas de Gain Tinto 2021 Magnum
Artadi Poza de Ballesteros 2021,Artadi - La Poza de Ballesteros 2021 1
Artadi Valdegines 2021/2022,Artadi - Valdegines 2021 1
Artadi El Carretil 2022,Artadi - El Carretil 2022
Pasos de San Martín 2018,Artadi - Artazu Pasos de San Martin 2018
Santa Cruz de Artazu Blanco 2018,Artadi - Santa Cruz de Artazu 2018 1
El Seque 2021/,Artadi - El Seque 2020
El Seque Magnum,Artadi - El Seque 2020 Magnum
Viña el Pisón 2022,Artadi - Vina El Pison 2022
Izar Leku Sparklin 2018,Artadi - Izar Leku
Jose Pariente Verdejo 2022,Jose Pariente - Verdejo 2022
Jose Pariente Sauvignon 2022,Jose Pariente - Sauvignon Blanc 2023
Jose Pariente Barrica 2022 (Organic),Jose Pariente - Barrica 2022
Jose Pariente Apasionado 2021 (Organic),Jose Pariente - Apasionado 2022
Jose Pariente Finca Las Comas  2021,Jose Pariente - Las Comas 2019
Jose Pariente Cuvee Especial 2022,Jose Pariente - Verdejo Cuvee Especial 2022
Victoria Rose,Jose Pariente - Victoria 1
Avilerma 2023,Jose Pariente - Avilerma 2023
O CHAN de Prieto Pariente  2023 Godello,Prieto Pariente - O Chan 2023
Prieto Pariente Viognier 2020,Prieto Pariente - Viognier
Mauro 2020,Mauro - Mauro 2020
Mauro VS 2021,Mauro - Mauro VS 2021
Terreus 2022,Mauro - Terreus 2022
Prima 2021,San Roman - Prima 2020
San Román 2021,San Roman - San Roman 2020 1
San Roman Magnum,San Roman - San Roman 2018 Magnum
Cartago 2019,San Roman - Cartago 2019
San Roman Malvasía 2022,San Roman - Malvasia 2022
San Roman Garnacha 2021,San Roman - Garnacha 2021
Mauro Godello 2023,Mauro - Godello 2023
Garmón 2020,San Roman - Garmon 2021
Baynos Tinto 2021,Mauro - Baynos  Red 2021
"Mar de Frades  2022   0,75",Mar de Frades - Albarino 2023 1
Mar de Frades Magnum,Mar de Frades - Albarino 2022 Magnum 1
Mar de Frades Finca Valinas 2018,Mar de Frades - Finca Valinas 1
Mar de Frades  F.Monteviega 2019,Mar de Frades - Finca Monteveiga 1
Mar de Frades Espumoso,Mar de Frades - Albarino Espumoso 2023 1
Murua Reserva 2016,Masaveu - Murua Red 2016
Murua Gran Reserva 2014,Masaveu - Murua Veguin 2015
Murua Barrica White 2021,Masaveu - Murua White 2022
Likka 2018,Mas Perinet - Likka 2018
Perinet 2016,Mas Perinet - Priorat 2016
Cabernet Sauvignon,Mas Perinet - Cabernet Sauvignon 2017
Garnacha 2018,Mas Perinet - Garnacha 2018
Carinyena 2017,Mas Perinet - Carinyena 2017
Fillaboa Joven 2022,Masaveu - Fillaboa Albarino
Fillaboa Selección Finca Monte alto,Masaveu - FIllaboa Finca Monte Alto
Premiere Cuvee,Bruno Paillard - Premiere Cuvee 1
Premiere Cuvee Box 2 Glasses,Bruno Paillard - Premiere Cuvee Box/Glasses
Premiere Cuvee Rose,Bruno Paillard - Premiere Cuvee Rose 1
Cuvee 72,Bruno Paillard - Cuvee 72
Zero Dosage,Bruno Paillard - Dosage Zero
NPU 2008,Bruno Paillard - NPU 2008 1
Blanc des Noirs Grand Cru,Bruno Paillard - Blanc de Noirs
Blanc de Blancs Grand Cru,Bruno Paillard - Blanc de Blancs
Blanc de Blancs Millesimé 2014,Bruno Paillard - Millesime 2014 1
BP Assamblage 2015,Bruno Paillard - Assemblage
Vega Medien ecological Brut,Vega Medien - Brut
Vega Medien Brut Nature,Vega Medien - Brut Nature 1
"Vega Medien ecological. 0,0%",Vega Medien - Alcohol Free
Lagrima Real 2017,Vega Medien - Lagrima 2019
Larrua 2022,Cachazo - Larrua
Mania 2022,Cachazo - Mania
Carrasviñas 2022,Cachazo - Carrasvinas Verdejo 2022
Carrasviñas Barrica,Cachazo - Carrasvinas Barrica
Castroviejo Joven 2021,Pastor Diaz - Castroviejo Joven
Castroviejo Crianza,Pastor Diaz - Castroviejo Crianza
Castroviejo Reserva 2016,Pastor Diaz - Castroviejo Reserva
Castroviejo Gran Reserva 2016,Pastor Diaz - Castroviejo Gran Reserva
Opta 2017,Calzadilla - Opta
Classic 2015,Calzadilla - Classic
Allegro 2016,Calzadilla - Allegro
Crianza,Vina Jaraba - Crianza 2018
Reserva,Vina Jaraba - Reserva 2017
UP,Ultimate Provence - UP
UP Magnum,Ultimate Provence - UP Magnum 1
UP 6L,Ultimate Provence - 6l 1
EDP AOP Rosé 2023 75cl,Eau de Provence
EDP AOP Rosé Magnum,Eau de Provence Magnum 1
EDP AOP Rosé 6L,Eau de Provence 6l 1
Sabalo Organic 2022,Barbadillo - Sabalo
Patinegro Organic 2022,Barbadillo - Patinegro